Cluster,mean_importance,mean_feasibility,n_statements
0,3.731884,3.416667,23
1,2.644444,2.533333,15
2,3.138889,3.071044,45
3,3.586898,3.995989,17
