Cluster,n_statements,mean_importance,mean_feasibility
1,41,3.445993031358885,4.0563298490127755
2,42,3.0850340136054424,3.485260770975057
3,17,3.5798319327731094,3.428571428571429
